Date,Name,Retail Price,Used Price
2023-03-01,GeForce GTX 1050,192.0,61.0
2023-04-01,GeForce GTX 1050,181.0,55.0
2023-05-01,GeForce GTX 1050,162.0,62.0
2023-06-01,GeForce GTX 1050,176.0,54.0
2023-07-01,GeForce GTX 1050,190.0,52.0
2023-08-01,GeForce GTX 1050,179.0,51.0
2023-09-01,GeForce GTX 1050,174.0,52.0
2023-10-01,GeForce GTX 1050,254.0,52.0
2023-11-01,GeForce GTX 1050,254.0,52.0
2023-12-01,GeForce GTX 1050,254.0,52.0
2024-01-01,GeForce GTX 1050,254.0,52.0
2024-02-01,GeForce GTX 1050,254.0,52.0
2024-03-01,GeForce GTX 1050,254.0,52.0
2024-04-01,GeForce GTX 1050,254.0,52.0
2024-05-01,GeForce GTX 1050,254.0,52.0
2024-06-01,GeForce GTX 1050,254.0,52.0
2024-07-01,GeForce GTX 1050,254.0,52.0
2024-08-01,GeForce GTX 1050,254.0,52.0
2024-09-01,GeForce GTX 1050,254.0,52.0
2024-10-01,GeForce GTX 1050,254.0,52.0
2024-11-01,GeForce GTX 1050,254.0,52.0
2024-12-01,GeForce GTX 1050,254.0,52.0
2023-03-01,GeForce GTX 1050 Ti,198.0,80.0
2023-04-01,GeForce GTX 1050 Ti,195.0,75.0
2023-05-01,GeForce GTX 1050 Ti,201.0,78.0
2023-06-01,GeForce GTX 1050 Ti,199.0,67.0
2023-07-01,GeForce GTX 1050 Ti,195.0,62.0
2023-08-01,GeForce GTX 1050 Ti,172.0,61.0
2023-09-01,GeForce GTX 1050 Ti,186.0,57.0
2023-10-01,GeForce GTX 1050 Ti,183.0,62.0
2023-11-01,GeForce GTX 1050 Ti,184.4,62.6
2023-12-01,GeForce GTX 1050 Ti,185.8,63.2
2024-01-01,GeForce GTX 1050 Ti,187.2,63.8
2024-02-01,GeForce GTX 1050 Ti,188.6,64.4
2024-03-01,GeForce GTX 1050 Ti,190.0,65.0
2024-04-01,GeForce GTX 1050 Ti,190.0,65.0
2024-05-01,GeForce GTX 1050 Ti,190.0,65.0
2024-06-01,GeForce GTX 1050 Ti,190.0,65.0
2024-07-01,GeForce GTX 1050 Ti,190.0,65.0
2024-08-01,GeForce GTX 1050 Ti,190.0,65.0
2024-09-01,GeForce GTX 1050 Ti,190.0,65.0
2024-10-01,GeForce GTX 1050 Ti,190.0,65.0
2024-11-01,GeForce GTX 1050 Ti,190.0,65.0
2024-12-01,GeForce GTX 1050 Ti,190.0,65.0
2022-11-01,GeForce GTX 1060,259.0,197.0
2022-12-01,GeForce GTX 1060,259.0,107.0
2023-01-01,GeForce GTX 1060,277.0,91.0
2023-02-01,GeForce GTX 1060,254.0,83.0
2023-03-01,GeForce GTX 1060,239.0,79.0
2023-04-01,GeForce GTX 1060,384.0,72.0
2023-05-01,GeForce GTX 1060,282.0,74.0
2023-06-01,GeForce GTX 1060,195.0,66.0
2023-07-01,GeForce GTX 1060,323.0,66.0
2023-08-01,GeForce GTX 1060,359.0,62.0
2023-09-01,GeForce GTX 1060,284.0,52.0
2023-10-01,GeForce GTX 1060,184.0,61.0
2023-11-01,GeForce GTX 1060,199.5,65.0
2023-12-01,GeForce GTX 1060,215.0,68.0
2024-01-01,GeForce GTX 1060,230.5,73.0
2024-02-01,GeForce GTX 1060,246.0,75.0
2024-03-01,GeForce GTX 1060,261.5,71.0
2024-04-01,GeForce GTX 1060,277.0,70.0
2024-05-01,GeForce GTX 1060,292.5,68.0
2024-06-01,GeForce GTX 1060,308.0,66.0
2024-07-01,GeForce GTX 1060,323.5,64.0
2024-08-01,GeForce GTX 1060,339.0,63.0
2024-09-01,GeForce GTX 1060,339.0,54.0
2024-10-01,GeForce GTX 1060,339.0,50.0
2024-11-01,GeForce GTX 1060,339.0,59.0
2024-12-01,GeForce GTX 1060,339.0,60.0
2022-11-01,GeForce GTX 1650,139.0,198.0
2022-12-01,GeForce GTX 1650,132.0,105.0
2023-01-01,GeForce GTX 1650,134.0,87.0
2023-02-01,GeForce GTX 1650,144.0,77.0
2023-03-01,GeForce GTX 1650,144.0,66.0
2023-04-01,GeForce GTX 1650,140.0,79.0
2023-05-01,GeForce GTX 1650,146.0,96.0
2023-06-01,GeForce GTX 1650,140.0,85.0
2023-07-01,GeForce GTX 1650,141.0,81.0
2023-08-01,GeForce GTX 1650,148.0,76.0
2023-09-01,GeForce GTX 1650,162.0,76.0
2023-10-01,GeForce GTX 1650,137.0,77.0
2023-11-01,GeForce GTX 1650,143.0,81.0
2023-12-01,GeForce GTX 1650,165.0,88.0
2024-01-01,GeForce GTX 1650,164.0,89.0
2024-02-01,GeForce GTX 1650,159.0,93.0
2024-03-01,GeForce GTX 1650,155.0,88.0
2024-04-01,GeForce GTX 1650,149.0,87.0
2024-05-01,GeForce GTX 1650,149.0,84.0
2024-06-01,GeForce GTX 1650,146.0,74.0
2024-07-01,GeForce GTX 1650,147.0,79.0
2024-08-01,GeForce GTX 1650,149.0,72.0
2024-09-01,GeForce GTX 1650,146.0,66.0
2024-10-01,GeForce GTX 1650,135.0,65.0
2024-11-01,GeForce GTX 1650,149.0,50.0
2024-12-01,GeForce GTX 1650,170.0,63.0
2022-11-01,GeForce GTX 1660 SUPER,195.0,203.0
2022-12-01,GeForce GTX 1660 SUPER,290.0,135.0
2023-01-01,GeForce GTX 1660 SUPER,273.0,125.0
2023-02-01,GeForce GTX 1660 SUPER,263.0,116.0
2023-03-01,GeForce GTX 1660 SUPER,256.0,118.0
2023-04-01,GeForce GTX 1660 SUPER,215.0,111.0
2023-05-01,GeForce GTX 1660 SUPER,176.0,110.0
2023-06-01,GeForce GTX 1660 SUPER,164.0,96.0
2023-07-01,GeForce GTX 1660 SUPER,167.0,91.0
2023-08-01,GeForce GTX 1660 SUPER,165.0,99.0
2023-09-01,GeForce GTX 1660 SUPER,168.0,74.0
2023-10-01,GeForce GTX 1660 SUPER,196.0,91.0
2023-11-01,GeForce GTX 1660 SUPER,194.0,90.0
2023-12-01,GeForce GTX 1660 SUPER,221.0,107.0
2024-01-01,GeForce GTX 1660 SUPER,222.0,121.0
2024-02-01,GeForce GTX 1660 SUPER,229.0,114.0
2024-03-01,GeForce GTX 1660 SUPER,225.0,110.0
2024-04-01,GeForce GTX 1660 SUPER,220.0,100.0
2024-05-01,GeForce GTX 1660 SUPER,208.0,97.0
2024-06-01,GeForce GTX 1660 SUPER,224.0,95.0
2024-07-01,GeForce GTX 1660 SUPER,234.0,95.0
2024-08-01,GeForce GTX 1660 SUPER,252.0,93.0
2024-09-01,GeForce GTX 1660 SUPER,264.0,88.0
2024-10-01,GeForce GTX 1660 SUPER,255.0,86.0
2024-11-01,GeForce GTX 1660 SUPER,270.0,87.0
2024-12-01,GeForce GTX 1660 SUPER,237.0,90.0
2022-11-01,GeForce GTX 1660 Ti,259.0,207.0
2022-12-01,GeForce GTX 1660 Ti,431.0,148.0
2023-01-01,GeForce GTX 1660 Ti,323.0,142.0
2023-02-01,GeForce GTX 1660 Ti,261.0,126.0
2023-03-01,GeForce GTX 1660 Ti,240.0,131.0
2023-04-01,GeForce GTX 1660 Ti,274.0,128.0
2023-05-01,GeForce GTX 1660 Ti,184.0,133.0
2023-06-01,GeForce GTX 1660 Ti,210.0,115.0
2023-07-01,GeForce GTX 1660 Ti,244.0,106.0
2023-08-01,GeForce GTX 1660 Ti,216.0,101.0
2023-09-01,GeForce GTX 1660 Ti,176.0,100.0
2023-10-01,GeForce GTX 1660 Ti,299.0,100.0
2023-11-01,GeForce GTX 1660 Ti,348.0,102.0
2023-12-01,GeForce GTX 1660 Ti,528.0,109.0
2024-01-01,GeForce GTX 1660 Ti,367.0,125.0
2024-02-01,GeForce GTX 1660 Ti,331.0,118.0
2024-03-01,GeForce GTX 1660 Ti,327.0,127.0
2024-04-01,GeForce GTX 1660 Ti,328.0,119.0
2024-05-01,GeForce GTX 1660 Ti,353.0,112.0
2024-06-01,GeForce GTX 1660 Ti,361.0,112.0
2024-07-01,GeForce GTX 1660 Ti,343.0,102.0
2024-08-01,GeForce GTX 1660 Ti,307.0,103.0
2024-09-01,GeForce GTX 1660 Ti,307.0,102.0
2024-10-01,GeForce GTX 1660 Ti,307.0,109.0
2024-11-01,GeForce GTX 1660 Ti,307.0,94.0
2024-12-01,GeForce GTX 1660 Ti,307.0,99.0
2022-11-01,GeForce RTX 2060,329.0,199.0
2022-12-01,GeForce RTX 2060,379.0,184.0
2023-01-01,GeForce RTX 2060,385.0,162.0
2023-02-01,GeForce RTX 2060,321.0,173.0
2023-03-01,GeForce RTX 2060,287.0,170.0
2023-04-01,GeForce RTX 2060,318.0,158.0
2023-05-01,GeForce RTX 2060,278.0,153.0
2023-06-01,GeForce RTX 2060,256.0,136.0
2023-07-01,GeForce RTX 2060,248.0,135.0
2023-08-01,GeForce RTX 2060,279.0,130.0
2023-09-01,GeForce RTX 2060,276.0,130.0
2023-10-01,GeForce RTX 2060,211.0,130.0
2023-11-01,GeForce RTX 2060,198.0,137.0
2023-12-01,GeForce RTX 2060,306.0,144.0
2024-01-01,GeForce RTX 2060,316.0,145.0
2024-02-01,GeForce RTX 2060,285.0,154.0
2024-03-01,GeForce RTX 2060,269.0,148.0
2024-04-01,GeForce RTX 2060,323.0,151.0
2024-05-01,GeForce RTX 2060,331.0,141.0
2024-06-01,GeForce RTX 2060,323.0,136.0
2024-07-01,GeForce RTX 2060,411.0,129.0
2024-08-01,GeForce RTX 2060,453.0,124.0
2024-09-01,GeForce RTX 2060,410.0,113.0
2024-10-01,GeForce RTX 2060,403.0,122.0
2024-11-01,GeForce RTX 2060,385.0,129.0
2024-12-01,GeForce RTX 2060,342.0,140.0
2022-11-01,GeForce RTX 2080 Ti,799.0,418.0
2022-12-01,GeForce RTX 2080 Ti,1859.0,387.0
2023-01-01,GeForce RTX 2080 Ti,1521.0,366.0
2023-02-01,GeForce RTX 2080 Ti,999.0,356.0
2023-03-01,GeForce RTX 2080 Ti,999.0,350.0
2023-04-01,GeForce RTX 2080 Ti,999.0,350.0
2023-05-01,GeForce RTX 2080 Ti,728.0,345.0
2023-06-01,GeForce RTX 2080 Ti,1455.0,332.0
2023-07-01,GeForce RTX 2080 Ti,1411.0,326.0
2023-08-01,GeForce RTX 2080 Ti,1241.0,320.0
2023-09-01,GeForce RTX 2080 Ti,1310.0,305.0
2023-10-01,GeForce RTX 2080 Ti,1375.0,287.0
2023-11-01,GeForce RTX 2080 Ti,1400.0,288.0
2023-12-01,GeForce RTX 2080 Ti,1387.375,305.0
2024-01-01,GeForce RTX 2080 Ti,1374.75,308.0
2024-02-01,GeForce RTX 2080 Ti,1362.125,296.0
2024-03-01,GeForce RTX 2080 Ti,1349.5,291.0
2024-04-01,GeForce RTX 2080 Ti,1336.875,283.0
2024-05-01,GeForce RTX 2080 Ti,1324.25,246.0
2024-06-01,GeForce RTX 2080 Ti,1311.625,265.0
2024-07-01,GeForce RTX 2080 Ti,1299.0,259.0
2024-08-01,GeForce RTX 2080 Ti,1299.0,250.0
2024-09-01,GeForce RTX 2080 Ti,1299.0,252.0
2024-10-01,GeForce RTX 2080 Ti,1299.0,234.0
2024-11-01,GeForce RTX 2080 Ti,1296.0,241.0
2024-12-01,GeForce RTX 2080 Ti,1295.0,222.0
2022-11-01,GeForce RTX 3050,309.0,255.0
2022-12-01,GeForce RTX 3050,295.0,245.0
2023-01-01,GeForce RTX 3050,302.0,237.0
2023-02-01,GeForce RTX 3050,300.0,232.0
2023-03-01,GeForce RTX 3050,285.0,229.0
2023-04-01,GeForce RTX 3050,280.0,206.0
2023-05-01,GeForce RTX 3050,265.0,202.0
2023-06-01,GeForce RTX 3050,220.0,181.0
2023-07-01,GeForce RTX 3050,225.0,181.0
2023-08-01,GeForce RTX 3050,228.0,184.0
2023-09-01,GeForce RTX 3050,221.0,178.0
2023-10-01,GeForce RTX 3050,216.0,161.0
2023-11-01,GeForce RTX 3050,216.0,167.0
2023-12-01,GeForce RTX 3050,212.0,180.0
2024-01-01,GeForce RTX 3050,217.0,180.0
2024-02-01,GeForce RTX 3050,220.0,179.0
2024-03-01,GeForce RTX 3050,240.0,173.0
2024-04-01,GeForce RTX 3050,210.0,172.0
2024-05-01,GeForce RTX 3050,203.0,158.0
2024-06-01,GeForce RTX 3050,203.0,152.0
2024-07-01,GeForce RTX 3050,188.0,153.0
2024-08-01,GeForce RTX 3050,198.0,146.0
2024-09-01,GeForce RTX 3050,211.0,149.0
2024-10-01,GeForce RTX 3050,210.0,145.0
2024-11-01,GeForce RTX 3050,218.0,144.0
2024-12-01,GeForce RTX 3050,212.0,150.0
2022-11-01,GeForce RTX 3060,367.0,255.0
2022-12-01,GeForce RTX 3060,362.0,264.0
2023-01-01,GeForce RTX 3060,362.0,259.0
2023-02-01,GeForce RTX 3060,333.0,260.0
2023-03-01,GeForce RTX 3060,348.0,272.0
2023-04-01,GeForce RTX 3060,344.0,253.0
2023-05-01,GeForce RTX 3060,314.0,244.0
2023-06-01,GeForce RTX 3060,280.0,221.0
2023-07-01,GeForce RTX 3060,276.0,213.0
2023-08-01,GeForce RTX 3060,270.0,208.0
2023-09-01,GeForce RTX 3060,278.0,209.0
2023-10-01,GeForce RTX 3060,280.0,203.0
2023-11-01,GeForce RTX 3060,279.0,212.0
2023-12-01,GeForce RTX 3060,287.0,224.0
2024-01-01,GeForce RTX 3060,284.0,226.0
2024-02-01,GeForce RTX 3060,288.0,231.0
2024-03-01,GeForce RTX 3060,293.0,234.0
2024-04-01,GeForce RTX 3060,288.0,225.0
2024-05-01,GeForce RTX 3060,289.0,215.0
2024-06-01,GeForce RTX 3060,282.0,212.0
2024-07-01,GeForce RTX 3060,276.0,202.0
2024-08-01,GeForce RTX 3060,280.0,207.0
2024-09-01,GeForce RTX 3060,279.0,198.0
2024-10-01,GeForce RTX 3060,281.0,198.0
2024-11-01,GeForce RTX 3060,280.0,202.0
2024-12-01,GeForce RTX 3060,280.0,210.0
2022-11-01,GeForce RTX 3060 Ti,439.0,287.0
2022-12-01,GeForce RTX 3060 Ti,514.0,296.0
2023-01-01,GeForce RTX 3060 Ti,495.0,302.0
2023-02-01,GeForce RTX 3060 Ti,502.0,298.0
2023-03-01,GeForce RTX 3060 Ti,439.0,291.0
2023-04-01,GeForce RTX 3060 Ti,428.0,282.0
2023-05-01,GeForce RTX 3060 Ti,391.0,264.0
2023-06-01,GeForce RTX 3060 Ti,331.0,245.0
2023-07-01,GeForce RTX 3060 Ti,325.0,235.0
2023-08-01,GeForce RTX 3060 Ti,323.0,225.0
2023-09-01,GeForce RTX 3060 Ti,329.0,222.0
2023-10-01,GeForce RTX 3060 Ti,329.0,214.0
2023-11-01,GeForce RTX 3060 Ti,367.0,225.0
2023-12-01,GeForce RTX 3060 Ti,400.0,243.0
2024-01-01,GeForce RTX 3060 Ti,360.0,265.0
2024-02-01,GeForce RTX 3060 Ti,415.0,252.0
2024-03-01,GeForce RTX 3060 Ti,443.0,253.0
2024-04-01,GeForce RTX 3060 Ti,356.0,243.0
2024-05-01,GeForce RTX 3060 Ti,361.0,223.0
2024-06-01,GeForce RTX 3060 Ti,441.0,234.0
2024-07-01,GeForce RTX 3060 Ti,458.0,217.0
2024-08-01,GeForce RTX 3060 Ti,412.0,217.0
2024-09-01,GeForce RTX 3060 Ti,428.0,216.0
2024-10-01,GeForce RTX 3060 Ti,418.0,217.0
2024-11-01,GeForce RTX 3060 Ti,492.0,224.0
2024-12-01,GeForce RTX 3060 Ti,549.0,151.0
2022-11-01,GeForce RTX 3070,569.0,344.0
2022-12-01,GeForce RTX 3070,581.0,349.0
2023-01-01,GeForce RTX 3070,601.0,353.0
2023-02-01,GeForce RTX 3070,588.0,351.0
2023-03-01,GeForce RTX 3070,557.0,347.0
2023-04-01,GeForce RTX 3070,557.0,324.0
2023-05-01,GeForce RTX 3070,492.0,295.0
2023-06-01,GeForce RTX 3070,447.0,267.0
2023-07-01,GeForce RTX 3070,454.0,268.0
2023-08-01,GeForce RTX 3070,453.0,267.0
2023-09-01,GeForce RTX 3070,456.0,263.0
2023-10-01,GeForce RTX 3070,505.0,255.0
2023-11-01,GeForce RTX 3070,434.0,251.0
2023-12-01,GeForce RTX 3070,446.0,274.0
2024-01-01,GeForce RTX 3070,457.0,302.0
2024-02-01,GeForce RTX 3070,485.0,284.0
2024-03-01,GeForce RTX 3070,449.0,293.0
2024-04-01,GeForce RTX 3070,430.0,277.0
2024-05-01,GeForce RTX 3070,446.0,259.0
2024-06-01,GeForce RTX 3070,436.0,257.0
2024-07-01,GeForce RTX 3070,426.0,246.0
2024-08-01,GeForce RTX 3070,424.0,243.0
2024-09-01,GeForce RTX 3070,434.0,228.0
2024-10-01,GeForce RTX 3070,505.0,249.0
2024-11-01,GeForce RTX 3070,542.0,254.0
2024-12-01,GeForce RTX 3070,598.0,271.0
2022-11-01,GeForce RTX 3070 Ti,679.0,462.0
2022-12-01,GeForce RTX 3070 Ti,718.0,468.0
2023-01-01,GeForce RTX 3070 Ti,688.0,459.0
2023-02-01,GeForce RTX 3070 Ti,665.0,433.0
2023-03-01,GeForce RTX 3070 Ti,661.0,409.0
2023-04-01,GeForce RTX 3070 Ti,597.0,391.0
2023-05-01,GeForce RTX 3070 Ti,537.0,363.0
2023-06-01,GeForce RTX 3070 Ti,504.0,339.0
2023-07-01,GeForce RTX 3070 Ti,487.0,336.0
2023-08-01,GeForce RTX 3070 Ti,501.0,325.0
2023-09-01,GeForce RTX 3070 Ti,527.0,329.0
2023-10-01,GeForce RTX 3070 Ti,504.0,329.0
2023-11-01,GeForce RTX 3070 Ti,506.0,321.0
2023-12-01,GeForce RTX 3070 Ti,494.0,335.0
2024-01-01,GeForce RTX 3070 Ti,497.0,327.0
2024-02-01,GeForce RTX 3070 Ti,493.0,340.0
2024-03-01,GeForce RTX 3070 Ti,461.0,335.0
2024-04-01,GeForce RTX 3070 Ti,532.0,329.0
2024-05-01,GeForce RTX 3070 Ti,505.0,310.0
2024-06-01,GeForce RTX 3070 Ti,512.0,304.0
2024-07-01,GeForce RTX 3070 Ti,514.0,298.0
2024-08-01,GeForce RTX 3070 Ti,633.0,286.0
2024-09-01,GeForce RTX 3070 Ti,606.0,304.0
2024-10-01,GeForce RTX 3070 Ti,651.0,312.0
2024-11-01,GeForce RTX 3070 Ti,699.0,316.0
2024-12-01,GeForce RTX 3070 Ti,890.0,331.0
2022-11-01,GeForce RTX 3080,790.0,546.0
2022-12-01,GeForce RTX 3080,903.0,535.0
2023-01-01,GeForce RTX 3080,939.0,513.0
2023-02-01,GeForce RTX 3080,926.0,495.0
2023-03-01,GeForce RTX 3080,881.0,466.0
2023-04-01,GeForce RTX 3080,896.0,438.0
2023-05-01,GeForce RTX 3080,875.0,411.0
2023-06-01,GeForce RTX 3080,869.0,397.0
2023-07-01,GeForce RTX 3080,884.0,390.0
2023-08-01,GeForce RTX 3080,822.0,379.0
2023-09-01,GeForce RTX 3080,616.0,386.0
2023-10-01,GeForce RTX 3080,669.0,382.0
2023-11-01,GeForce RTX 3080,703.0,367.0
2023-12-01,GeForce RTX 3080,679.0,372.0
2024-01-01,GeForce RTX 3080,679.0,423.0
2024-02-01,GeForce RTX 3080,663.0,404.0
2024-03-01,GeForce RTX 3080,575.0,404.0
2024-04-01,GeForce RTX 3080,509.0,387.0
2024-05-01,GeForce RTX 3080,525.0,355.0
2024-06-01,GeForce RTX 3080,718.0,363.0
2024-07-01,GeForce RTX 3080,1003.0,357.0
2024-08-01,GeForce RTX 3080,865.0,357.0
2024-09-01,GeForce RTX 3080,708.0,356.0
2024-10-01,GeForce RTX 3080,767.0,335.0
2024-11-01,GeForce RTX 3080,763.0,367.0
2024-12-01,GeForce RTX 3080,822.0,341.0
2022-11-01,GeForce RTX 3080 Ti,1149.0,818.0
2022-12-01,GeForce RTX 3080 Ti,1159.0,758.0
2023-01-01,GeForce RTX 3080 Ti,1217.0,701.0
2023-02-01,GeForce RTX 3080 Ti,1190.0,650.0
2023-03-01,GeForce RTX 3080 Ti,1169.0,603.0
2023-04-01,GeForce RTX 3080 Ti,1235.0,589.0
2023-05-01,GeForce RTX 3080 Ti,983.0,575.0
2023-06-01,GeForce RTX 3080 Ti,1038.0,562.0
2023-07-01,GeForce RTX 3080 Ti,989.0,560.0
2023-08-01,GeForce RTX 3080 Ti,894.0,514.0
2023-09-01,GeForce RTX 3080 Ti,930.0,535.0
2023-10-01,GeForce RTX 3080 Ti,850.0,493.0
2023-11-01,GeForce RTX 3080 Ti,880.0,517.0
2023-12-01,GeForce RTX 3080 Ti,894.0,545.0
2024-01-01,GeForce RTX 3080 Ti,1443.0,567.0
2024-02-01,GeForce RTX 3080 Ti,1392.0,535.0
2024-03-01,GeForce RTX 3080 Ti,1474.0,532.0
2024-04-01,GeForce RTX 3080 Ti,1323.0,522.0
2024-05-01,GeForce RTX 3080 Ti,1197.0,494.0
2024-06-01,GeForce RTX 3080 Ti,1196.0,473.0
2024-07-01,GeForce RTX 3080 Ti,1148.0,466.0
2024-08-01,GeForce RTX 3080 Ti,1137.0,463.0
2024-09-01,GeForce RTX 3080 Ti,1090.0,477.0
2024-10-01,GeForce RTX 3080 Ti,1131.0,462.0
2024-11-01,GeForce RTX 3080 Ti,1023.0,448.0
2024-12-01,GeForce RTX 3080 Ti,1093.0,423.0
2022-11-01,GeForce RTX 3090,1489.0,768.0
2022-12-01,GeForce RTX 3090,1490.0,797.0
2023-01-01,GeForce RTX 3090,1430.0,737.0
2023-02-01,GeForce RTX 3090,1223.0,684.0
2023-03-01,GeForce RTX 3090,1345.0,678.0
2023-04-01,GeForce RTX 3090,1056.0,673.0
2023-05-01,GeForce RTX 3090,928.0,681.0
2023-06-01,GeForce RTX 3090,1025.0,663.0
2023-07-01,GeForce RTX 3090,1077.0,682.0
2023-08-01,GeForce RTX 3090,954.0,675.0
2023-09-01,GeForce RTX 3090,1323.0,610.0
2023-10-01,GeForce RTX 3090,1511.0,606.0
2023-11-01,GeForce RTX 3090,1862.0,664.0
2023-12-01,GeForce RTX 3090,1854.0,693.0
2024-01-01,GeForce RTX 3090,1812.0,776.0
2024-02-01,GeForce RTX 3090,1982.0,760.0
2024-03-01,GeForce RTX 3090,2100.0,752.0
2024-04-01,GeForce RTX 3090,1829.0,765.0
2024-05-01,GeForce RTX 3090,1669.0,719.0
2024-06-01,GeForce RTX 3090,1855.0,680.0
2024-07-01,GeForce RTX 3090,1840.0,638.0
2024-08-01,GeForce RTX 3090,1978.0,645.0
2024-09-01,GeForce RTX 3090,1848.0,670.0
2024-10-01,GeForce RTX 3090,2026.0,698.0
2024-11-01,GeForce RTX 3090,2048.0,664.0
2024-12-01,GeForce RTX 3090,2070.0,493.0
2023-06-01,GeForce RTX 4060,299.0,585.0
2023-07-01,GeForce RTX 4060,297.0,585.0
2023-08-01,GeForce RTX 4060,291.0,585.0
2023-09-01,GeForce RTX 4060,298.0,585.0
2023-10-01,GeForce RTX 4060,293.0,338.0
2023-11-01,GeForce RTX 4060,291.0,285.0
2023-12-01,GeForce RTX 4060,298.0,311.0
2024-01-01,GeForce RTX 4060,294.0,299.0
2024-02-01,GeForce RTX 4060,294.0,278.0
2024-03-01,GeForce RTX 4060,293.0,290.0
2024-04-01,GeForce RTX 4060,295.0,290.0
2024-05-01,GeForce RTX 4060,295.0,281.0
2024-06-01,GeForce RTX 4060,293.0,277.0
2024-07-01,GeForce RTX 4060,293.0,271.0
2024-08-01,GeForce RTX 4060,285.0,263.0
2024-09-01,GeForce RTX 4060,292.0,259.0
2024-10-01,GeForce RTX 4060,295.0,262.0
2024-11-01,GeForce RTX 4060,291.0,273.0
2024-12-01,GeForce RTX 4060,295.0,258.0
2023-06-01,GeForce RTX 4060 Ti,385.0,394.0
2023-07-01,GeForce RTX 4060 Ti,383.0,394.0
2023-08-01,GeForce RTX 4060 Ti,376.0,394.0
2023-09-01,GeForce RTX 4060 Ti,382.0,394.0
2023-10-01,GeForce RTX 4060 Ti,371.0,371.0
2023-11-01,GeForce RTX 4060 Ti,370.0,349.0
2023-12-01,GeForce RTX 4060 Ti,381.0,387.0
2024-01-01,GeForce RTX 4060 Ti,385.0,392.0
2024-02-01,GeForce RTX 4060 Ti,376.0,365.0
2024-03-01,GeForce RTX 4060 Ti,382.0,376.0
2024-04-01,GeForce RTX 4060 Ti,381.0,357.0
2024-05-01,GeForce RTX 4060 Ti,384.0,330.0
2024-06-01,GeForce RTX 4060 Ti,373.0,321.0
2024-07-01,GeForce RTX 4060 Ti,369.0,322.0
2024-08-01,GeForce RTX 4060 Ti,377.0,311.0
2024-09-01,GeForce RTX 4060 Ti,380.0,316.0
2024-10-01,GeForce RTX 4060 Ti,389.0,320.0
2024-11-01,GeForce RTX 4060 Ti,391.0,300.0
2024-12-01,GeForce RTX 4060 Ti,396.0,293.0
2023-04-01,GeForce RTX 4070,628.0,612.0
2023-05-01,GeForce RTX 4070,599.0,612.0
2023-06-01,GeForce RTX 4070,599.0,730.0
2023-07-01,GeForce RTX 4070,596.0,666.0
2023-08-01,GeForce RTX 4070,596.0,571.0
2023-09-01,GeForce RTX 4070,572.0,484.0
2023-10-01,GeForce RTX 4070,550.0,531.0
2023-11-01,GeForce RTX 4070,540.0,533.0
2023-12-01,GeForce RTX 4070,546.0,544.0
2024-01-01,GeForce RTX 4070,549.0,516.0
2024-02-01,GeForce RTX 4070,532.0,493.0
2024-03-01,GeForce RTX 4070,532.0,489.0
2024-04-01,GeForce RTX 4070,541.0,494.0
2024-05-01,GeForce RTX 4070,553.0,481.0
2024-06-01,GeForce RTX 4070,549.0,466.0
2024-07-01,GeForce RTX 4070,548.0,470.0
2024-08-01,GeForce RTX 4070,540.0,452.0
2024-09-01,GeForce RTX 4070,542.0,467.0
2024-10-01,GeForce RTX 4070,548.0,424.0
2024-11-01,GeForce RTX 4070,525.0,434.0
2024-12-01,GeForce RTX 4070,539.0,369.0
2024-01-01,GeForce RTX 4070 SUPER,599.0,994.0
2024-02-01,GeForce RTX 4070 SUPER,595.0,994.0
2024-03-01,GeForce RTX 4070 SUPER,589.0,994.0
2024-04-01,GeForce RTX 4070 SUPER,590.0,598.0
2024-05-01,GeForce RTX 4070 SUPER,592.0,552.0
2024-06-01,GeForce RTX 4070 SUPER,584.0,569.0
2024-07-01,GeForce RTX 4070 SUPER,582.0,542.0
2024-08-01,GeForce RTX 4070 SUPER,581.0,545.0
2024-09-01,GeForce RTX 4070 SUPER,591.0,697.0
2024-10-01,GeForce RTX 4070 SUPER,595.0,571.0
2024-11-01,GeForce RTX 4070 SUPER,595.0,529.0
2024-12-01,GeForce RTX 4070 SUPER,599.0,613.0
2023-01-01,GeForce RTX 4070 Ti,816.0,789.0
2023-02-01,GeForce RTX 4070 Ti,821.0,789.0
2023-03-01,GeForce RTX 4070 Ti,825.0,810.0
2023-04-01,GeForce RTX 4070 Ti,829.0,737.0
2023-05-01,GeForce RTX 4070 Ti,802.0,732.0
2023-06-01,GeForce RTX 4070 Ti,797.0,740.0
2023-07-01,GeForce RTX 4070 Ti,787.0,750.0
2023-08-01,GeForce RTX 4070 Ti,790.0,726.0
2023-09-01,GeForce RTX 4070 Ti,794.0,736.0
2023-10-01,GeForce RTX 4070 Ti,771.0,681.0
2023-11-01,GeForce RTX 4070 Ti,768.0,686.0
2023-12-01,GeForce RTX 4070 Ti,776.0,700.0
2024-01-01,GeForce RTX 4070 Ti,757.0,695.0
2024-02-01,GeForce RTX 4070 Ti,743.0,654.0
2024-03-01,GeForce RTX 4070 Ti,713.0,636.0
2024-04-01,GeForce RTX 4070 Ti,740.0,618.0
2024-05-01,GeForce RTX 4070 Ti,768.0,595.0
2024-06-01,GeForce RTX 4070 Ti,769.0,582.0
2024-07-01,GeForce RTX 4070 Ti,762.0,582.0
2024-08-01,GeForce RTX 4070 Ti,757.0,592.0
2024-09-01,GeForce RTX 4070 Ti,738.0,604.0
2024-10-01,GeForce RTX 4070 Ti,779.0,615.0
2024-11-01,GeForce RTX 4070 Ti,829.0,608.0
2024-12-01,GeForce RTX 4070 Ti,834.0,484.0
2024-01-01,GeForce RTX 4070 Ti SUPER,782.0,749.0
2024-02-01,GeForce RTX 4070 Ti SUPER,799.0,749.0
2024-03-01,GeForce RTX 4070 Ti SUPER,807.0,749.0
2024-04-01,GeForce RTX 4070 Ti SUPER,796.0,751.0
2024-05-01,GeForce RTX 4070 Ti SUPER,791.0,749.0
2024-06-01,GeForce RTX 4070 Ti SUPER,788.0,777.0
2024-07-01,GeForce RTX 4070 Ti SUPER,782.0,918.0
2024-08-01,GeForce RTX 4070 Ti SUPER,795.0,857.0
2024-09-01,GeForce RTX 4070 Ti SUPER,795.0,822.0
2024-10-01,GeForce RTX 4070 Ti SUPER,799.0,782.0
2024-11-01,GeForce RTX 4070 Ti SUPER,784.0,765.0
2024-12-01,GeForce RTX 4070 Ti SUPER,802.0,877.0
2024-03-01,GeForce RTX 4080 SUPER,1076.0,1095.0
2024-04-01,GeForce RTX 4080 SUPER,1036.0,1039.0
2024-05-01,GeForce RTX 4080 SUPER,993.0,1119.0
2024-06-01,GeForce RTX 4080 SUPER,971.0,952.0
2024-07-01,GeForce RTX 4080 SUPER,962.0,906.0
2024-08-01,GeForce RTX 4080 SUPER,958.0,911.0
2024-09-01,GeForce RTX 4080 SUPER,964.0,967.0
2024-10-01,GeForce RTX 4080 SUPER,996.0,968.0
2024-11-01,GeForce RTX 4080 SUPER,995.0,960.0
2024-12-01,GeForce RTX 4080 SUPER,1264.0,1267.0
2022-12-01,GeForce RTX 4090,2079.0,2119.0
2023-01-01,GeForce RTX 4090,1998.0,1921.0
2023-02-01,GeForce RTX 4090,1684.0,1687.0
2023-03-01,GeForce RTX 4090,1662.0,1615.0
2023-04-01,GeForce RTX 4090,1633.0,1506.0
2023-05-01,GeForce RTX 4090,1601.0,1456.0
2023-06-01,GeForce RTX 4090,1598.0,1439.0
2023-07-01,GeForce RTX 4090,1596.0,1411.0
2023-08-01,GeForce RTX 4090,1609.0,1475.0
2023-09-01,GeForce RTX 4090,1668.0,1541.0
2023-10-01,GeForce RTX 4090,1678.0,1357.0
2023-11-01,GeForce RTX 4090,1927.0,1791.0
2023-12-01,GeForce RTX 4090,2049.0,1820.0
2024-01-01,GeForce RTX 4090,1969.0,1812.0
2024-02-01,GeForce RTX 4090,1889.0,1720.0
2024-03-01,GeForce RTX 4090,1897.0,1706.0
2024-04-01,GeForce RTX 4090,1814.0,1584.0
2024-05-01,GeForce RTX 4090,1748.0,1487.0
2024-06-01,GeForce RTX 4090,1737.0,1460.0
2024-07-01,GeForce RTX 4090,1717.0,1409.0
2024-08-01,GeForce RTX 4090,1712.0,1406.0
2024-09-01,GeForce RTX 4090,1783.0,1596.0
2024-10-01,GeForce RTX 4090,1934.0,1631.0
2024-11-01,GeForce RTX 4090,2053.0,1681.0
2024-12-01,GeForce RTX 4090,2229.0,794.0
2023-03-01,Radeon R7 360,146.0,41.0
2023-04-01,Radeon R7 360,146.0,46.0
2023-05-01,Radeon R7 360,146.0,52.0
2023-06-01,Radeon R7 360,146.0,50.0
2023-07-01,Radeon R7 360,146.0,55.0
2023-08-01,Radeon R7 360,146.0,55.0
2023-09-01,Radeon R7 360,146.0,52.0
2023-10-01,Radeon R7 360,146.0,55.0
2023-11-01,Radeon R7 360,146.0,55.0
2023-12-01,Radeon R7 360,146.0,55.0
2024-01-01,Radeon R7 360,146.0,55.0
2024-02-01,Radeon R7 360,146.0,55.0
2024-03-01,Radeon R7 360,146.0,55.0
2024-04-01,Radeon R7 360,146.0,55.0
2024-05-01,Radeon R7 360,146.0,55.0
2024-06-01,Radeon R7 360,146.0,55.0
2024-07-01,Radeon R7 360,146.0,55.0
2024-08-01,Radeon R7 360,146.0,55.0
2024-09-01,Radeon R7 360,146.0,55.0
2024-10-01,Radeon R7 360,146.0,55.0
2024-11-01,Radeon R7 360,146.0,55.0
2024-12-01,Radeon R7 360,146.0,55.0
2023-03-01,Radeon R9 370,149.0,151.0
2023-04-01,Radeon R9 370,149.0,60.0
2023-05-01,Radeon R9 370,149.0,65.0
2023-06-01,Radeon R9 370,225.0,60.0
2023-07-01,Radeon R9 370,228.0,60.0
2023-08-01,Radeon R9 370,227.0,60.0
2023-09-01,Radeon R9 370,228.0,60.0
2023-10-01,Radeon R9 370,229.0,95.0
2023-11-01,Radeon R9 370,228.6,98.0
2023-12-01,Radeon R9 370,228.2,101.0
2024-01-01,Radeon R9 370,227.8,104.0
2024-02-01,Radeon R9 370,227.4,107.0
2024-03-01,Radeon R9 370,227.0,110.0
2024-04-01,Radeon R9 370,227.0,110.0
2024-05-01,Radeon R9 370,227.0,110.0
2024-06-01,Radeon R9 370,227.0,110.0
2024-07-01,Radeon R9 370,227.0,110.0
2024-08-01,Radeon R9 370,227.0,110.0
2024-09-01,Radeon R9 370,227.0,110.0
2024-10-01,Radeon R9 370,227.0,110.0
2024-11-01,Radeon R9 370,227.0,110.0
2024-12-01,Radeon R9 370,227.0,110.0
2023-03-01,Radeon R9 380,459.0,52.0
2023-04-01,Radeon R9 380,459.0,49.0
2023-05-01,Radeon R9 380,459.0,61.0
2023-06-01,Radeon R9 380,238.0,51.0
2023-07-01,Radeon R9 380,293.0,51.0
2023-08-01,Radeon R9 380,241.0,50.0
2023-09-01,Radeon R9 380,242.0,50.0
2023-10-01,Radeon R9 380,239.0,50.0
2023-11-01,Radeon R9 380,239.0,50.0
2023-12-01,Radeon R9 380,239.0,50.0
2024-01-01,Radeon R9 380,239.0,50.0
2024-02-01,Radeon R9 380,239.0,50.0
2024-03-01,Radeon R9 380,239.0,50.0
2024-04-01,Radeon R9 380,239.0,50.0
2024-05-01,Radeon R9 380,239.0,50.0
2024-06-01,Radeon R9 380,239.0,50.0
2024-07-01,Radeon R9 380,239.0,50.0
2024-08-01,Radeon R9 380,239.0,50.0
2024-09-01,Radeon R9 380,239.0,50.0
2024-10-01,Radeon R9 380,239.0,50.0
2024-11-01,Radeon R9 380,239.0,50.0
2024-12-01,Radeon R9 380,239.0,50.0
2023-03-01,Radeon RX 460,329.0,65.0
2023-04-01,Radeon RX 460,329.0,60.0
2023-05-01,Radeon RX 460,329.0,73.0
2023-06-01,Radeon RX 460,218.0,59.0
2023-07-01,Radeon RX 460,223.0,59.0
2023-08-01,Radeon RX 460,217.0,59.0
2023-09-01,Radeon RX 460,219.0,58.0
2023-10-01,Radeon RX 460,217.0,59.0
2023-11-01,Radeon RX 460,217.0,59.0
2023-12-01,Radeon RX 460,217.0,59.0
2024-01-01,Radeon RX 460,217.0,59.0
2024-02-01,Radeon RX 460,217.0,59.0
2024-03-01,Radeon RX 460,217.0,59.0
2024-04-01,Radeon RX 460,217.0,59.0
2024-05-01,Radeon RX 460,217.0,59.0
2024-06-01,Radeon RX 460,217.0,59.0
2024-07-01,Radeon RX 460,217.0,59.0
2024-08-01,Radeon RX 460,217.0,59.0
2024-09-01,Radeon RX 460,217.0,59.0
2024-10-01,Radeon RX 460,217.0,59.0
2024-11-01,Radeon RX 460,217.0,59.0
2024-12-01,Radeon RX 460,217.0,59.0
2023-03-01,Radeon RX 550,113.0,56.0
2023-04-01,Radeon RX 550,101.0,50.0
2023-05-01,Radeon RX 550,94.0,49.0
2023-06-01,Radeon RX 550,90.0,51.0
2023-07-01,Radeon RX 550,89.0,50.0
2023-08-01,Radeon RX 550,87.0,50.0
2023-09-01,Radeon RX 550,83.0,50.0
2023-10-01,Radeon RX 550,81.0,50.0
2023-11-01,Radeon RX 550,79.8,50.0
2023-12-01,Radeon RX 550,78.6,50.0
2024-01-01,Radeon RX 550,77.4,50.0
2024-02-01,Radeon RX 550,76.2,50.0
2024-03-01,Radeon RX 550,75.0,50.0
2024-04-01,Radeon RX 550,75.0,50.0
2024-05-01,Radeon RX 550,75.0,50.0
2024-06-01,Radeon RX 550,75.0,50.0
2024-07-01,Radeon RX 550,75.0,50.0
2024-08-01,Radeon RX 550,75.0,50.0
2024-09-01,Radeon RX 550,75.0,50.0
2024-10-01,Radeon RX 550,75.0,50.0
2024-11-01,Radeon RX 550,75.0,50.0
2024-12-01,Radeon RX 550,75.0,50.0
2023-03-01,Radeon RX 560,170.0,68.0
2023-04-01,Radeon RX 560,152.0,60.0
2023-05-01,Radeon RX 560,144.0,68.0
2023-06-01,Radeon RX 560,112.0,63.0
2023-07-01,Radeon RX 560,113.0,56.0
2023-08-01,Radeon RX 560,115.0,52.0
2023-09-01,Radeon RX 560,121.0,51.0
2023-10-01,Radeon RX 560,157.0,50.0
2023-11-01,Radeon RX 560,168.8,50.0
2023-12-01,Radeon RX 560,180.6,50.0
2024-01-01,Radeon RX 560,192.4,50.0
2024-02-01,Radeon RX 560,204.2,50.0
2024-03-01,Radeon RX 560,216.0,50.0
2024-04-01,Radeon RX 560,216.0,50.0
2024-05-01,Radeon RX 560,216.0,50.0
2024-06-01,Radeon RX 560,216.0,50.0
2024-07-01,Radeon RX 560,216.0,50.0
2024-08-01,Radeon RX 560,216.0,50.0
2024-09-01,Radeon RX 560,216.0,50.0
2024-10-01,Radeon RX 560,216.0,50.0
2024-11-01,Radeon RX 560,216.0,50.0
2024-12-01,Radeon RX 560,216.0,50.0
2022-11-01,Radeon RX 580,159.0,193.0
2022-12-01,Radeon RX 580,134.0,89.0
2023-01-01,Radeon RX 580,119.0,75.0
2023-02-01,Radeon RX 580,121.0,71.0
2023-03-01,Radeon RX 580,109.0,60.0
2023-04-01,Radeon RX 580,99.0,60.0
2023-05-01,Radeon RX 580,95.0,70.0
2023-06-01,Radeon RX 580,92.0,57.0
2023-07-01,Radeon RX 580,93.0,52.0
2023-08-01,Radeon RX 580,90.0,55.0
2023-09-01,Radeon RX 580,89.0,55.0
2023-10-01,Radeon RX 580,126.0,54.0
2023-11-01,Radeon RX 580,125.0,55.0
2023-12-01,Radeon RX 580,127.0,60.0
2024-01-01,Radeon RX 580,129.0,61.0
2024-02-01,Radeon RX 580,132.0,63.0
2024-03-01,Radeon RX 580,139.0,64.0
2024-04-01,Radeon RX 580,130.0,63.0
2024-05-01,Radeon RX 580,131.0,59.0
2024-06-01,Radeon RX 580,129.0,63.0
2024-07-01,Radeon RX 580,129.0,58.0
2024-08-01,Radeon RX 580,136.0,58.0
2024-09-01,Radeon RX 580,131.0,62.0
2024-10-01,Radeon RX 580,129.0,56.0
2024-11-01,Radeon RX 580,127.0,58.0
2024-12-01,Radeon RX 580,134.0,56.0
2022-11-01,Radeon RX 6400,149.0,130.0
2022-12-01,Radeon RX 6400,142.0,130.0
2023-01-01,Radeon RX 6400,140.0,124.0
2023-02-01,Radeon RX 6400,146.0,137.0
2023-03-01,Radeon RX 6400,145.0,137.0
2023-04-01,Radeon RX 6400,147.0,110.0
2023-05-01,Radeon RX 6400,136.0,119.0
2023-06-01,Radeon RX 6400,136.0,114.0
2023-07-01,Radeon RX 6400,141.0,124.0
2023-08-01,Radeon RX 6400,135.0,115.0
2023-09-01,Radeon RX 6400,135.0,113.0
2023-10-01,Radeon RX 6400,138.0,100.0
2023-11-01,Radeon RX 6400,159.0,110.0
2023-12-01,Radeon RX 6400,154.0,107.0
2024-01-01,Radeon RX 6400,159.0,113.0
2024-02-01,Radeon RX 6400,157.0,124.0
2024-03-01,Radeon RX 6400,156.0,125.0
2024-04-01,Radeon RX 6400,151.0,112.0
2024-05-01,Radeon RX 6400,153.0,101.0
2024-06-01,Radeon RX 6400,152.0,118.0
2024-07-01,Radeon RX 6400,154.0,109.0
2024-08-01,Radeon RX 6400,156.0,102.0
2024-09-01,Radeon RX 6400,146.0,110.0
2024-10-01,Radeon RX 6400,139.0,102.0
2024-11-01,Radeon RX 6400,139.0,107.0
2024-12-01,Radeon RX 6400,144.0,138.0
2022-11-01,Radeon RX 6500 XT,174.0,136.0
2022-12-01,Radeon RX 6500 XT,164.0,131.0
2023-01-01,Radeon RX 6500 XT,173.0,124.0
2023-02-01,Radeon RX 6500 XT,172.0,115.0
2023-03-01,Radeon RX 6500 XT,169.0,118.0
2023-04-01,Radeon RX 6500 XT,164.0,108.0
2023-05-01,Radeon RX 6500 XT,156.0,126.0
2023-06-01,Radeon RX 6500 XT,150.0,107.0
2023-07-01,Radeon RX 6500 XT,177.0,93.0
2023-08-01,Radeon RX 6500 XT,185.0,88.0
2023-09-01,Radeon RX 6500 XT,163.0,88.0
2023-10-01,Radeon RX 6500 XT,174.0,83.0
2023-11-01,Radeon RX 6500 XT,169.0,89.0
2023-12-01,Radeon RX 6500 XT,169.0,92.0
2024-01-01,Radeon RX 6500 XT,142.0,90.0
2024-02-01,Radeon RX 6500 XT,145.0,90.0
2024-03-01,Radeon RX 6500 XT,139.0,91.0
2024-04-01,Radeon RX 6500 XT,161.0,89.0
2024-05-01,Radeon RX 6500 XT,177.0,79.0
2024-06-01,Radeon RX 6500 XT,173.0,85.0
2024-07-01,Radeon RX 6500 XT,197.0,83.0
2024-08-01,Radeon RX 6500 XT,183.0,83.0
2024-09-01,Radeon RX 6500 XT,197.0,78.0
2024-10-01,Radeon RX 6500 XT,175.0,77.0
2024-11-01,Radeon RX 6500 XT,168.0,78.0
2024-12-01,Radeon RX 6500 XT,163.0,80.0
2022-11-01,Radeon RX 6600,242.0,214.0
2022-12-01,Radeon RX 6600,263.0,178.0
2023-01-01,Radeon RX 6600,278.0,180.0
2023-02-01,Radeon RX 6600,269.0,170.0
2023-03-01,Radeon RX 6600,262.0,176.0
2023-04-01,Radeon RX 6600,252.0,158.0
2023-05-01,Radeon RX 6600,215.0,157.0
2023-06-01,Radeon RX 6600,202.0,137.0
2023-07-01,Radeon RX 6600,222.0,140.0
2023-08-01,Radeon RX 6600,236.0,139.0
2023-09-01,Radeon RX 6600,209.0,133.0
2023-10-01,Radeon RX 6600,211.0,130.0
2023-11-01,Radeon RX 6600,194.0,137.0
2023-12-01,Radeon RX 6600,198.0,142.0
2024-01-01,Radeon RX 6600,204.0,165.0
2024-02-01,Radeon RX 6600,193.0,168.0
2024-03-01,Radeon RX 6600,195.0,167.0
2024-04-01,Radeon RX 6600,199.0,165.0
2024-05-01,Radeon RX 6600,199.0,159.0
2024-06-01,Radeon RX 6600,197.0,148.0
2024-07-01,Radeon RX 6600,201.0,148.0
2024-08-01,Radeon RX 6600,200.0,145.0
2024-09-01,Radeon RX 6600,199.0,155.0
2024-10-01,Radeon RX 6600,199.0,143.0
2024-11-01,Radeon RX 6600,197.0,144.0
2024-12-01,Radeon RX 6600,198.0,163.0
2022-11-01,Radeon RX 6600 XT,347.0,266.0
2022-12-01,Radeon RX 6600 XT,352.0,207.0
2023-01-01,Radeon RX 6600 XT,346.0,205.0
2023-02-01,Radeon RX 6600 XT,321.0,203.0
2023-03-01,Radeon RX 6600 XT,311.0,205.0
2023-04-01,Radeon RX 6600 XT,295.0,194.0
2023-05-01,Radeon RX 6600 XT,268.0,191.0
2023-06-01,Radeon RX 6600 XT,260.0,178.0
2023-07-01,Radeon RX 6600 XT,279.0,170.0
2023-08-01,Radeon RX 6600 XT,311.0,165.0
2023-09-01,Radeon RX 6600 XT,286.0,159.0
2023-10-01,Radeon RX 6600 XT,405.0,163.0
2023-11-01,Radeon RX 6600 XT,383.0,163.0
2023-12-01,Radeon RX 6600 XT,536.0,174.0
2024-01-01,Radeon RX 6600 XT,493.0,187.0
2024-02-01,Radeon RX 6600 XT,546.0,185.0
2024-03-01,Radeon RX 6600 XT,449.0,185.0
2024-04-01,Radeon RX 6600 XT,440.0,180.0
2024-05-01,Radeon RX 6600 XT,447.0,171.0
2024-06-01,Radeon RX 6600 XT,443.0,163.0
2024-07-01,Radeon RX 6600 XT,373.0,161.0
2024-08-01,Radeon RX 6600 XT,482.0,154.0
2024-09-01,Radeon RX 6600 XT,499.0,148.0
2024-10-01,Radeon RX 6600 XT,499.0,150.0
2024-11-01,Radeon RX 6600 XT,499.0,144.0
2024-12-01,Radeon RX 6600 XT,499.0,169.0
2022-11-01,Radeon RX 6650 XT,299.0,299.0
2022-12-01,Radeon RX 6650 XT,304.0,375.0
2023-01-01,Radeon RX 6650 XT,313.0,271.0
2023-02-01,Radeon RX 6650 XT,302.0,299.0
2023-03-01,Radeon RX 6650 XT,299.0,284.0
2023-04-01,Radeon RX 6650 XT,300.0,246.0
2023-05-01,Radeon RX 6650 XT,272.0,249.0
2023-06-01,Radeon RX 6650 XT,246.0,258.0
2023-07-01,Radeon RX 6650 XT,254.0,246.0
2023-08-01,Radeon RX 6650 XT,250.0,242.0
2023-09-01,Radeon RX 6650 XT,255.0,224.0
2023-10-01,Radeon RX 6650 XT,232.0,194.0
2023-11-01,Radeon RX 6650 XT,227.0,199.0
2023-12-01,Radeon RX 6650 XT,246.0,227.0
2024-01-01,Radeon RX 6650 XT,251.0,226.0
2024-02-01,Radeon RX 6650 XT,234.0,219.0
2024-03-01,Radeon RX 6650 XT,242.0,219.0
2024-04-01,Radeon RX 6650 XT,232.0,205.0
2024-05-01,Radeon RX 6650 XT,224.0,200.0
2024-06-01,Radeon RX 6650 XT,227.0,214.0
2024-07-01,Radeon RX 6650 XT,222.0,197.0
2024-08-01,Radeon RX 6650 XT,209.0,198.0
2024-09-01,Radeon RX 6650 XT,228.0,190.0
2024-10-01,Radeon RX 6650 XT,217.0,192.0
2024-11-01,Radeon RX 6650 XT,209.0,192.0
2024-12-01,Radeon RX 6650 XT,228.0,199.0
2022-11-01,Radeon RX 6700 XT,379.0,290.0
2022-12-01,Radeon RX 6700 XT,372.0,292.0
2023-01-01,Radeon RX 6700 XT,405.0,296.0
2023-02-01,Radeon RX 6700 XT,385.0,293.0
2023-03-01,Radeon RX 6700 XT,373.0,283.0
2023-04-01,Radeon RX 6700 XT,376.0,277.0
2023-05-01,Radeon RX 6700 XT,361.0,263.0
2023-06-01,Radeon RX 6700 XT,354.0,264.0
2023-07-01,Radeon RX 6700 XT,437.0,259.0
2023-08-01,Radeon RX 6700 XT,400.0,258.0
2023-09-01,Radeon RX 6700 XT,340.0,253.0
2023-10-01,Radeon RX 6700 XT,318.0,237.0
2023-11-01,Radeon RX 6700 XT,311.0,237.0
2023-12-01,Radeon RX 6700 XT,323.0,265.0
2024-01-01,Radeon RX 6700 XT,381.0,279.0
2024-02-01,Radeon RX 6700 XT,679.0,282.0
2024-03-01,Radeon RX 6700 XT,702.0,274.0
2024-04-01,Radeon RX 6700 XT,577.0,263.0
2024-05-01,Radeon RX 6700 XT,715.0,251.0
2024-06-01,Radeon RX 6700 XT,703.0,238.0
2024-07-01,Radeon RX 6700 XT,771.0,224.0
2024-08-01,Radeon RX 6700 XT,783.0,212.0
2024-09-01,Radeon RX 6700 XT,713.0,238.0
2024-10-01,Radeon RX 6700 XT,758.0,235.0
2024-11-01,Radeon RX 6700 XT,765.0,237.0
2024-12-01,Radeon RX 6700 XT,771.0,245.0
2022-11-01,Radeon RX 6750 XT,518.0,448.0
2022-12-01,Radeon RX 6750 XT,469.0,448.0
2023-01-01,Radeon RX 6750 XT,453.0,436.0
2023-02-01,Radeon RX 6750 XT,441.0,466.0
2023-03-01,Radeon RX 6750 XT,431.0,427.0
2023-04-01,Radeon RX 6750 XT,428.0,496.0
2023-05-01,Radeon RX 6750 XT,405.0,369.0
2023-06-01,Radeon RX 6750 XT,368.0,395.0
2023-07-01,Radeon RX 6750 XT,363.0,363.0
2023-08-01,Radeon RX 6750 XT,466.0,340.0
2023-09-01,Radeon RX 6750 XT,359.0,318.0
2023-10-01,Radeon RX 6750 XT,354.0,301.0
2023-11-01,Radeon RX 6750 XT,341.0,317.0
2023-12-01,Radeon RX 6750 XT,341.0,334.0
2024-01-01,Radeon RX 6750 XT,372.0,328.0
2024-02-01,Radeon RX 6750 XT,372.0,313.0
2024-03-01,Radeon RX 6750 XT,342.0,310.0
2024-04-01,Radeon RX 6750 XT,334.0,303.0
2024-05-01,Radeon RX 6750 XT,307.0,284.0
2024-06-01,Radeon RX 6750 XT,301.0,281.0
2024-07-01,Radeon RX 6750 XT,314.0,300.0
2024-08-01,Radeon RX 6750 XT,312.0,314.0
2024-09-01,Radeon RX 6750 XT,298.0,278.0
2024-10-01,Radeon RX 6750 XT,327.0,289.0
2024-11-01,Radeon RX 6750 XT,300.0,286.0
2024-12-01,Radeon RX 6750 XT,341.0,291.0
2022-11-01,Radeon RX 6800,539.0,415.0
2022-12-01,Radeon RX 6800,539.0,429.0
2023-01-01,Radeon RX 6800,536.0,425.0
2023-02-01,Radeon RX 6800,536.0,406.0
2023-03-01,Radeon RX 6800,578.0,384.0
2023-04-01,Radeon RX 6800,572.0,388.0
2023-05-01,Radeon RX 6800,535.0,381.0
2023-06-01,Radeon RX 6800,493.0,358.0
2023-07-01,Radeon RX 6800,528.0,370.0
2023-08-01,Radeon RX 6800,502.0,367.0
2023-09-01,Radeon RX 6800,441.0,353.0
2023-10-01,Radeon RX 6800,412.0,335.0
2023-11-01,Radeon RX 6800,455.0,320.0
2023-12-01,Radeon RX 6800,416.0,352.0
2024-01-01,Radeon RX 6800,427.0,350.0
2024-02-01,Radeon RX 6800,412.0,346.0
2024-03-01,Radeon RX 6800,407.0,348.0
2024-04-01,Radeon RX 6800,408.0,344.0
2024-05-01,Radeon RX 6800,366.0,325.0
2024-06-01,Radeon RX 6800,365.0,313.0
2024-07-01,Radeon RX 6800,374.0,305.0
2024-08-01,Radeon RX 6800,382.0,313.0
2024-09-01,Radeon RX 6800,380.0,308.0
2024-10-01,Radeon RX 6800,375.0,307.0
2024-11-01,Radeon RX 6800,353.0,312.0
2024-12-01,Radeon RX 6800,393.0,326.0
2022-11-01,Radeon RX 6800 XT,814.0,489.0
2022-12-01,Radeon RX 6800 XT,1009.0,538.0
2023-01-01,Radeon RX 6800 XT,866.0,527.0
2023-02-01,Radeon RX 6800 XT,705.0,480.0
2023-03-01,Radeon RX 6800 XT,659.0,471.0
2023-04-01,Radeon RX 6800 XT,597.0,467.0
2023-05-01,Radeon RX 6800 XT,529.0,448.0
2023-06-01,Radeon RX 6800 XT,527.0,434.0
2023-07-01,Radeon RX 6800 XT,574.0,441.0
2023-08-01,Radeon RX 6800 XT,517.0,431.0
2023-09-01,Radeon RX 6800 XT,524.0,417.0
2023-10-01,Radeon RX 6800 XT,500.0,396.0
2023-11-01,Radeon RX 6800 XT,481.0,379.0
2023-12-01,Radeon RX 6800 XT,519.0,408.0
2024-01-01,Radeon RX 6800 XT,556.0,409.0
2024-02-01,Radeon RX 6800 XT,753.0,408.0
2024-03-01,Radeon RX 6800 XT,954.0,410.0
2024-04-01,Radeon RX 6800 XT,764.0,405.0
2024-05-01,Radeon RX 6800 XT,666.0,376.0
2024-06-01,Radeon RX 6800 XT,742.0,362.0
2024-07-01,Radeon RX 6800 XT,818.0,360.0
2024-08-01,Radeon RX 6800 XT,698.0,371.0
2024-09-01,Radeon RX 6800 XT,964.0,351.0
2024-10-01,Radeon RX 6800 XT,777.0,360.0
2024-11-01,Radeon RX 6800 XT,661.0,375.0
2024-12-01,Radeon RX 6800 XT,664.0,295.0
2022-11-01,Radeon RX 6900 XT,999.0,684.0
2022-12-01,Radeon RX 6900 XT,1107.0,669.0
2023-01-01,Radeon RX 6900 XT,1003.0,634.0
2023-02-01,Radeon RX 6900 XT,942.0,593.0
2023-03-01,Radeon RX 6900 XT,827.0,538.0
2023-04-01,Radeon RX 6900 XT,848.0,548.0
2023-05-01,Radeon RX 6900 XT,653.0,520.0
2023-06-01,Radeon RX 6900 XT,772.0,513.0
2023-07-01,Radeon RX 6900 XT,850.0,512.0
2023-08-01,Radeon RX 6900 XT,993.0,497.0
2023-09-01,Radeon RX 6900 XT,751.0,509.0
2023-10-01,Radeon RX 6900 XT,1126.0,489.0
2023-11-01,Radeon RX 6900 XT,1038.0,459.0
2023-12-01,Radeon RX 6900 XT,935.0,473.0
2024-01-01,Radeon RX 6900 XT,1182.0,483.0
2024-02-01,Radeon RX 6900 XT,985.0,475.0
2024-03-01,Radeon RX 6900 XT,1315.0,467.0
2024-04-01,Radeon RX 6900 XT,1299.0,475.0
2024-05-01,Radeon RX 6900 XT,1183.0,428.0
2024-06-01,Radeon RX 6900 XT,1509.0,426.0
2024-07-01,Radeon RX 6900 XT,979.0,416.0
2024-08-01,Radeon RX 6900 XT,1014.0,408.0
2024-09-01,Radeon RX 6900 XT,1509.0,404.0
2024-10-01,Radeon RX 6900 XT,1101.0,404.0
2024-11-01,Radeon RX 6900 XT,1509.0,396.0
2024-12-01,Radeon RX 6900 XT,1509.0,331.0
2023-06-01,Radeon RX 7600,255.0,222.0
2023-07-01,Radeon RX 7600,261.0,222.0
2023-08-01,Radeon RX 7600,266.0,222.0
2023-09-01,Radeon RX 7600,258.0,232.0
2023-10-01,Radeon RX 7600,252.0,221.0
2023-11-01,Radeon RX 7600,253.0,422.0
2023-12-01,Radeon RX 7600,259.0,230.0
2024-01-01,Radeon RX 7600,267.0,279.0
2024-02-01,Radeon RX 7600,259.0,248.0
2024-03-01,Radeon RX 7600,263.0,350.0
2024-04-01,Radeon RX 7600,265.0,231.0
2024-05-01,Radeon RX 7600,257.0,230.0
2024-06-01,Radeon RX 7600,246.0,217.0
2024-07-01,Radeon RX 7600,250.0,217.0
2024-08-01,Radeon RX 7600,254.0,214.0
2024-09-01,Radeon RX 7600,249.0,195.0
2024-10-01,Radeon RX 7600,247.0,192.0
2024-11-01,Radeon RX 7600,249.0,206.0
2024-12-01,Radeon RX 7600,257.0,214.0
2024-03-01,Radeon RX 7600 XT,326.0,327.0
2024-04-01,Radeon RX 7600 XT,329.0,436.0
2024-05-01,Radeon RX 7600 XT,320.0,533.0
2024-06-01,Radeon RX 7600 XT,305.0,360.0
2024-07-01,Radeon RX 7600 XT,311.0,360.0
2024-08-01,Radeon RX 7600 XT,314.0,339.0
2024-09-01,Radeon RX 7600 XT,312.0,286.0
2024-10-01,Radeon RX 7600 XT,313.0,294.0
2024-11-01,Radeon RX 7600 XT,306.0,275.0
2024-12-01,Radeon RX 7600 XT,317.0,250.0
2023-09-01,Radeon RX 7700 XT,449.0,375.0
2023-10-01,Radeon RX 7700 XT,441.0,375.0
2023-11-01,Radeon RX 7700 XT,436.0,375.0
2023-12-01,Radeon RX 7700 XT,432.0,375.0
2024-01-01,Radeon RX 7700 XT,440.0,370.0
2024-02-01,Radeon RX 7700 XT,446.0,399.0
2024-03-01,Radeon RX 7700 XT,411.0,399.0
2024-04-01,Radeon RX 7700 XT,399.0,378.0
2024-05-01,Radeon RX 7700 XT,396.0,420.0
2024-06-01,Radeon RX 7700 XT,399.0,347.0
2024-07-01,Radeon RX 7700 XT,388.0,462.0
2024-08-01,Radeon RX 7700 XT,388.0,364.0
2024-09-01,Radeon RX 7700 XT,371.0,381.0
2024-10-01,Radeon RX 7700 XT,378.0,444.0
2024-11-01,Radeon RX 7700 XT,385.0,433.0
2024-12-01,Radeon RX 7700 XT,402.0,448.0
2023-09-01,Radeon RX 7800 XT,530.0,513.0
2023-10-01,Radeon RX 7800 XT,513.0,513.0
2023-11-01,Radeon RX 7800 XT,501.0,483.0
2023-12-01,Radeon RX 7800 XT,521.0,486.5
2024-01-01,Radeon RX 7800 XT,508.0,490.0
2024-02-01,Radeon RX 7800 XT,494.0,493.0
2024-03-01,Radeon RX 7800 XT,496.0,544.0
2024-04-01,Radeon RX 7800 XT,504.0,489.0
2024-05-01,Radeon RX 7800 XT,495.0,441.0
2024-06-01,Radeon RX 7800 XT,485.0,451.0
2024-07-01,Radeon RX 7800 XT,493.0,436.0
2024-08-01,Radeon RX 7800 XT,482.0,438.0
2024-09-01,Radeon RX 7800 XT,481.0,469.0
2024-10-01,Radeon RX 7800 XT,484.0,425.0
2024-11-01,Radeon RX 7800 XT,470.0,477.0
2024-12-01,Radeon RX 7800 XT,481.0,525.0
2024-03-01,Radeon RX 7900 GRE,563.0,649.0
2024-04-01,Radeon RX 7900 GRE,549.0,649.0
2024-05-01,Radeon RX 7900 GRE,543.0,534.0
2024-06-01,Radeon RX 7900 GRE,536.0,501.0
2024-07-01,Radeon RX 7900 GRE,540.0,482.0
2024-08-01,Radeon RX 7900 GRE,539.0,549.0
2024-09-01,Radeon RX 7900 GRE,541.0,500.0
2024-10-01,Radeon RX 7900 GRE,542.0,513.0
2024-11-01,Radeon RX 7900 GRE,543.0,504.0
2024-12-01,Radeon RX 7900 GRE,549.0,614.0
2023-01-01,Radeon RX 7900 XT,947.0,885.0
2023-02-01,Radeon RX 7900 XT,927.0,1213.0
2023-03-01,Radeon RX 7900 XT,900.0,875.0
2023-04-01,Radeon RX 7900 XT,876.0,804.0
2023-05-01,Radeon RX 7900 XT,813.0,796.0
2023-06-01,Radeon RX 7900 XT,804.0,742.0
2023-07-01,Radeon RX 7900 XT,826.0,705.0
2023-08-01,Radeon RX 7900 XT,861.0,758.0
2023-09-01,Radeon RX 7900 XT,805.0,798.0
2023-10-01,Radeon RX 7900 XT,772.0,719.0
2023-11-01,Radeon RX 7900 XT,778.0,714.0
2023-12-01,Radeon RX 7900 XT,795.0,712.0
2024-01-01,Radeon RX 7900 XT,765.0,718.0
2024-02-01,Radeon RX 7900 XT,733.0,679.0
2024-03-01,Radeon RX 7900 XT,701.0,678.0
2024-04-01,Radeon RX 7900 XT,699.0,652.0
2024-05-01,Radeon RX 7900 XT,697.0,645.0
2024-06-01,Radeon RX 7900 XT,700.0,636.0
2024-07-01,Radeon RX 7900 XT,696.0,630.0
2024-08-01,Radeon RX 7900 XT,692.0,639.0
2024-09-01,Radeon RX 7900 XT,686.0,606.0
2024-10-01,Radeon RX 7900 XT,659.0,596.0
2024-11-01,Radeon RX 7900 XT,662.0,633.0
2024-12-01,Radeon RX 7900 XT,686.0,662.0
2023-01-01,Radeon RX 7900 XTX,1279.0,1273.0
2023-02-01,Radeon RX 7900 XTX,1265.0,1109.0
2023-03-01,Radeon RX 7900 XTX,1188.0,1030.0
2023-04-01,Radeon RX 7900 XTX,1039.0,981.0
2023-05-01,Radeon RX 7900 XTX,1012.0,919.0
2023-06-01,Radeon RX 7900 XTX,1002.0,892.0
2023-07-01,Radeon RX 7900 XTX,1025.0,880.0
2023-08-01,Radeon RX 7900 XTX,1046.0,908.0
2023-09-01,Radeon RX 7900 XTX,1003.0,890.0
2023-10-01,Radeon RX 7900 XTX,931.0,863.0
2023-11-01,Radeon RX 7900 XTX,946.0,939.0
2023-12-01,Radeon RX 7900 XTX,961.0,936.0
2024-01-01,Radeon RX 7900 XTX,959.0,897.0
2024-02-01,Radeon RX 7900 XTX,932.0,865.0
2024-03-01,Radeon RX 7900 XTX,928.0,840.0
2024-04-01,Radeon RX 7900 XTX,919.0,818.0
2024-05-01,Radeon RX 7900 XTX,913.0,821.0
2024-06-01,Radeon RX 7900 XTX,911.0,789.0
2024-07-01,Radeon RX 7900 XTX,901.0,754.0
2024-08-01,Radeon RX 7900 XTX,917.0,756.0
2024-09-01,Radeon RX 7900 XTX,865.0,764.0
2024-10-01,Radeon RX 7900 XTX,869.0,742.0
2024-11-01,Radeon RX 7900 XTX,868.0,762.0
2024-12-01,Radeon RX 7900 XTX,894.0,677.0
